Nom,Generated Description
OstroVit Creatine Monohydrate,"OstroVit Creatine Monohydrate is a premium-quality product designed to support your health and fitness goals. Whether you're aiming for enhanced performance, better recovery, or overall wellness, this product is an excellent choice. Try it today and experience the difference!"
Micronized Creatine Monohydrate,"Micronized Creatine Monohydrate is a premium-quality product designed to support your health and fitness goals. Whether you're aiming for enhanced performance, better recovery, or overall wellness, this product is an excellent choice. Try it today and experience the difference!"
Whey Protein 100%,"Whey Protein 100% is a premium-quality product designed to support your health and fitness goals. Whether you're aiming for enhanced performance, better recovery, or overall wellness, this product is an excellent choice. Try it today and experience the difference!"
C4 Original Pre-Workout,"C4 Original Pre-Workout is a premium-quality product designed to support your health and fitness goals. Whether you're aiming for enhanced performance, better recovery, or overall wellness, this product is an excellent choice. Try it today and experience the difference!"
Gold Standard Whey Protein,"Gold Standard Whey Protein is a premium-quality product designed to support your health and fitness goals. Whether you're aiming for enhanced performance, better recovery, or overall wellness, this product is an excellent choice. Try it today and experience the difference!"
LE Pre-Workout,"LE Pre-Workout is a premium-quality product designed to support your health and fitness goals. Whether you're aiming for enhanced performance, better recovery, or overall wellness, this product is an excellent choice. Try it today and experience the difference!"
Creatine Monohydrate + Shaker Combo,"Creatine Monohydrate + Shaker Combo is a premium-quality product designed to support your health and fitness goals. Whether you're aiming for enhanced performance, better recovery, or overall wellness, this product is an excellent choice. Try it today and experience the difference!"
Micronized Creatine Powder,"Micronized Creatine Powder is a premium-quality product designed to support your health and fitness goals. Whether you're aiming for enhanced performance, better recovery, or overall wellness, this product is an excellent choice. Try it today and experience the difference!"
Stainless Steel Blue Shaker,"Stainless Steel Blue Shaker is a premium-quality product designed to support your health and fitness goals. Whether you're aiming for enhanced performance, better recovery, or overall wellness, this product is an excellent choice. Try it today and experience the difference!"
Pure Creatine Monohydrate 300g,"Pure Creatine Monohydrate 300g is a premium-quality product designed to support your health and fitness goals. Whether you're aiming for enhanced performance, better recovery, or overall wellness, this product is an excellent choice. Try it today and experience the difference!"
100% Whey Protein 2.25kg,"100% Whey Protein 2.25kg is a premium-quality product designed to support your health and fitness goals. Whether you're aiming for enhanced performance, better recovery, or overall wellness, this product is an excellent choice. Try it today and experience the difference!"
BCAA Glutamine Xpress,"BCAA Glutamine Xpress is a premium-quality product designed to support your health and fitness goals. Whether you're aiming for enhanced performance, better recovery, or overall wellness, this product is an excellent choice. Try it today and experience the difference!"
Be Your Best Bundle (creatine+sheaker+bande),"Be Your Best Bundle (creatine+sheaker+bande) is a premium-quality product designed to support your health and fitness goals. Whether you're aiming for enhanced performance, better recovery, or overall wellness, this product is an excellent choice. Try it today and experience the difference!"
Whey + BCAA + Creatine Combo,"Whey + BCAA + Creatine Combo is a premium-quality product designed to support your health and fitness goals. Whether you're aiming for enhanced performance, better recovery, or overall wellness, this product is an excellent choice. Try it today and experience the difference!"
Resistance Bands,"Resistance Bands is a premium-quality product designed to support your health and fitness goals. Whether you're aiming for enhanced performance, better recovery, or overall wellness, this product is an excellent choice. Try it today and experience the difference!"
LiveUp Sports Resistance Tube,"LiveUp Sports Resistance Tube is a premium-quality product designed to support your health and fitness goals. Whether you're aiming for enhanced performance, better recovery, or overall wellness, this product is an excellent choice. Try it today and experience the difference!"
Platinum Creatine 400g,"Platinum Creatine 400g is a premium-quality product designed to support your health and fitness goals. Whether you're aiming for enhanced performance, better recovery, or overall wellness, this product is an excellent choice. Try it today and experience the difference!"
Pre-Workout Pump 375g,"Pre-Workout Pump 375g is a premium-quality product designed to support your health and fitness goals. Whether you're aiming for enhanced performance, better recovery, or overall wellness, this product is an excellent choice. Try it today and experience the difference!"
Glory Stainless Steel Shaker,"Glory Stainless Steel Shaker is a premium-quality product designed to support your health and fitness goals. Whether you're aiming for enhanced performance, better recovery, or overall wellness, this product is an excellent choice. Try it today and experience the difference!"
Vitamin D3 + K2 45mcg,"Vitamin D3 + K2 45mcg is a premium-quality product designed to support your health and fitness goals. Whether you're aiming for enhanced performance, better recovery, or overall wellness, this product is an excellent choice. Try it today and experience the difference!"
Vitamin C 1000,"Vitamin C 1000 is a premium-quality product designed to support your health and fitness goals. Whether you're aiming for enhanced performance, better recovery, or overall wellness, this product is an excellent choice. Try it today and experience the difference!"
